"Reference","Qty","Value","DNP","Exclude from BOM","Exclude from Board","Footprint","Datasheet"
"C1,C4,C11,C12,C13,C17,C21","7","100 n","","","","Capacitor_SMD:C_1206_3216Metric_Pad1.33x1.80mm_HandSolder",""
"C2,C3","2","10 u","","","","Capacitor_SMD:C_1206_3216Metric_Pad1.33x1.80mm_HandSolder",""
"C9,C10","2","100 u","","","","Capacitor_SMD:C_1206_3216Metric_Pad1.33x1.80mm_HandSolder",""
"C14,C15,C16","3","1 u","","","","Capacitor_SMD:C_1206_3216Metric_Pad1.33x1.80mm_HandSolder",""
"C18","1","47 u","","","","Capacitor_SMD:C_1206_3216Metric_Pad1.33x1.80mm_HandSolder",""
"C19,C20","2","100 p","","","","Capacitor_SMD:C_1206_3216Metric_Pad1.33x1.80mm_HandSolder",""
"ControlJack1","1","Conn_01x02_Socket","","","","Connector_Hirose:Hirose_DF13-02P-1.25DSA_1x02_P1.25mm_Vertical",""
"CR1,CR2","2","MBR120VLSFT1G","","","","SDO_SOD-123FL_ONS","MBR120VLSFT1G"
"D8,D9,D10,D11,D12","5","1SS355VM","","","","Diode_SMD:D_SOD-323F","https://fscdn.rohm.com/en/products/databook/datasheet/discrete/diode/switching/1ss355vmte-17-e.pdf"
"DSPB_Conn1","1","Conn_02x18_Odd_Even","","","","52045-3645:ConnectorFPC&FFC_MOL52045-3645-36P",""
"i2S_Audio1","1","PCM5102","","","","Package_SO:TSSOP-20_4.4x6.5mm_P0.65mm","http://www.ti.com/lit/ds/symlink/pcm5102.pdf"
"R1,R5,R13,R14,R18","5","10 k","","","","Resistor_SMD:R_1206_3216Metric_Pad1.30x1.75mm_HandSolder",""
"R2,R6","2","20 k","","","","Resistor_SMD:R_1206_3216Metric_Pad1.30x1.75mm_HandSolder",""
"R3,R4","2","5 k","","","","Resistor_SMD:R_1206_3216Metric_Pad1.30x1.75mm_HandSolder",""
"R9,R10,R11,R16,R19","5","1 k","","","","Resistor_SMD:R_1206_3216Metric_Pad1.30x1.75mm_HandSolder",""
"R12","1","100 k","","","","Resistor_SMD:R_1206_3216Metric_Pad1.30x1.75mm_HandSolder",""
"R15","1","100","","","","Resistor_SMD:R_1206_3216Metric_Pad1.30x1.75mm_HandSolder",""
"R17","1","470","","","","Resistor_SMD:R_1206_3216Metric_Pad1.30x1.75mm_HandSolder",""
"R20","1","82 k","","","","Resistor_SMD:R_1206_3216Metric_Pad1.30x1.75mm_HandSolder",""
"rPi1","1","RaspberryPi_Pico","","","","Module:RaspberryPi_Pico_Common_Unspecified","https://datasheets.raspberrypi.com/pico/pico-datasheet.pdf"
"SPi_Level1","1","TXS0108EPW","","","","Package_SO:TSSOP-20_4.4x6.5mm_P0.65mm","www.ti.com/lit/ds/symlink/txs0108e.pdf"
"SW1","1","RotaryEncoder_Switch","","","","Connector_Wire:SolderWire-0.25sqmm_1x05_P4.5mm_D0.65mm_OD2mm",""
"TB1","1","Conn_01x14","","","","Connector_PinHeader_2.00mm:PinHeader_1x14_P2.00mm_Vertical",""
"U1","1","HT1632C-52LQFP","","","","Package_QFP:LQFP-52_14x14mm_P1mm","https://web.archive.org/web/20180404050010/http://www.holtek.com/documents/10179/116711/HT1632Cv170.pdf"
